old,new
custbody_calculated_margin_amt,custbody_sust_calculated_margin_amt
custbody_calculated_margin_pct,custbody_sust_calculated_margin_pct
custbody_final_settlement,custbody_sust_final_settlement
custbody_lcnrv_review,custbody_sust_lcnrv_review
customrecord_lcnrv_review,customrecord_sust_lcnrv_review
custbody_margin_calc_method,custbody_sust_margin_calc_method
customlist_margin_calc_method,customlist_sust_margin_calc_method
custbody_nt_assigned_operator,custbody_sust_assigned_operator
custbody_nt_carrier_number,custbody_sust_carrier_number
custbody_nt_consol_shipment,custbody_sust_consol_shipment
customrecord_nt_consol_ship,customrecord_sust_consol_ship
custbody_nt_priority,custbody_sust_priority
custbody_nt_total_gross_wt,custbody_sust_total_gross_wt
custbody_nt_total_net_wt,custbody_sust_total_net_wt
custbody_nt_total_pallets,custbody_sust_total_pallets
custbody_pricing_timing,custbody_sust_pricing_timing
customlist_pricing_timing,customlist_sust_pricing_timing
custbody_processing_status,custbody_sust_processing_status
customlist_processing_status,customlist_sust_processing_status
custbody_settlement_calculation,custbody_sust_settlement_calculation
customrecord_settlement_record,customrecord_sust_settlement_record
custbody_settlement_date,custbody_sust_settlement_date
custbody_settlement_method,custbody_sust_settlement_method
customlist_settlement_method,customlist_sust_settlement_method
custbody_settlement_record,custbody_sust_settlement_record
custbody_settlement_status,custbody_sust_settlement_status
customlist_settlement_status,customlist_sust_settlement_status
custcol_allocated_lot,custcol_sust_allocated_lot
custcol_financing_insurance,custcol_sust_financing_insurance
custcol_freight,custcol_sust_freight
custcol_packaging_instructions,custcol_sust_packaging_instructions
custcol_packaging_type,custcol_sust_packaging_type
customlist_packaging_type,customlist_sust_packaging_type
custcol_premium,custcol_sust_premium
custcol_price_per_lb_received,custcol_sust_price_per_lb_received
custcol_price_per_lb_recovered,custcol_sust_price_per_lb_recovered
custcol_pricing_timing,custcol_sust_pricing_timing
custcol_processing_id,custcol_sust_processing_id
customrecord_processing_record,customrecord_sust_processing_record
custcol_received_lot,custcol_sust_received_lot
custcol_scrap_gross_weight,custcol_sust_scrap_gross_weight
custcol_scrap_net_weight,custcol_sust_scrap_net_weight
custcol_settlement_id,custcol_sust_settlement_id
custcol_settlement_schedule,custcol_sust_settlement_schedule
customrecord_settlement_schedule,customrecord_sust_settlement_schedule
custcol_vendor_lot_number,custcol_sust_vendor_lot_number
custentity_federal_tax_id,custentity_sust_federal_tax_id
custentity_pay_on_receipt,custentity_sust_pay_on_receipt
custitemnumber_lot_notes,custitemnumber_sust_lot_notes
custitemnumber_lot_source_type,custitemnumber_sust_lot_source_type
customlist_lot_source_type,customlist_sust_lot_source_type
custitemnumber_lot_status,custitemnumber_sust_lot_status
customlist_lot_status,customlist_sust_lot_status
custitemnumber_processing_record,custitemnumber_sust_processing_record
custitemnumber_received_date,custitemnumber_sust_received_date
custitemnumber_recovery_percentage,custitemnumber_sust_recovery_percentage
custitemnumber_vendor_lot_number,custitemnumber_sust_vendor_lot_number
custitem_cost_alloc_class,custitem_sust_cost_alloc_class
customlist_cost_alloc_class,customlist_sust_cost_alloc_class
custitem_is_scrap_material,custitem_sust_is_scrap_material
custitem_market_price_source,custitem_sust_market_price_source
customlist_market_price_source,customlist_sust_market_price_source
custitem_material_category,custitem_sust_material_category
customlist_material_category,customlist_sust_material_category
custitem_nrv_per_lb,custitem_sust_nrv_per_lb
custitem_output_form,custitem_sust_output_form
customlist_output_type,customlist_sust_output_type
custitem_typical_recovery,custitem_sust_typical_recovery
customlist_alloc_mode,customlist_sust_alloc_mode
customlist_calculation_status,customlist_sust_calculation_status
customlist_equipment,customlist_sust_equipment
customlist_lcnrv_status,customlist_sust_lcnrv_status
customlist_nt_consol_ship_status,customlist_sust_consol_ship_status
customlist_nt_pallet_type,customlist_sust_pallet_type
customlist_outlet_type,customlist_sust_outlet_type
customlist_output_disposition,customlist_sust_output_disposition
customlist_penalty_calc_type,customlist_sust_penalty_calc_type
customlist_process_type,customlist_sust_process_type
customlist_proc_source_type,customlist_sust_proc_source_type
customlist_relationship_type,customlist_sust_relationship_type
customlist_settlement_mode,customlist_sust_settlement_mode
customrecord_api_config,customrecord_sust_api_config
custrecord_api_name,custrecord_sust_api_name
custrecord_api_key,custrecord_sust_api_key
custrecord_api_base_url,custrecord_sust_api_base_url
custrecord_api_active,custrecord_sust_api_active
custrecord_api_last_run,custrecord_sust_api_last_run
custrecord_api_notes,custrecord_sust_api_notes
customrecord_item_output_template,customrecord_sust_item_output_template
custrecord_template_input_item,custrecord_sust_template_input_item
custrecord_template_sequence,custrecord_sust_template_sequence
custrecord_template_output_item,custrecord_sust_template_output_item
custrecord_template_output_type,custrecord_sust_template_output_type
custrecord_template_default_pct,custrecord_sust_template_default_pct
custrecord_template_disposition,custrecord_sust_template_disposition
custrecord_template_active,custrecord_sust_template_active
custrecord_lcnrv_lot,custrecord_sust_lcnrv_lot
custrecord_lcnrv_item,custrecord_sust_lcnrv_item
custrecord_lcnrv_qty_on_hand,custrecord_sust_lcnrv_qty_on_hand
custrecord_lcnrv_cost_per_lb,custrecord_sust_lcnrv_cost_per_lb
custrecord_lcnrv_cost_total,custrecord_sust_lcnrv_cost_total
custrecord_lcnrv_nrv_per_lb,custrecord_sust_lcnrv_nrv_per_lb
custrecord_lcnrv_nrv_total,custrecord_sust_lcnrv_nrv_total
custrecord_lcnrv_nrv_source,custrecord_sust_lcnrv_nrv_source
custrecord_lcnrv_variance,custrecord_sust_lcnrv_variance
custrecord_lcnrv_variance_pct,custrecord_sust_lcnrv_variance_pct
custrecord_lcnrv_run_date,custrecord_sust_lcnrv_run_date
custrecord_lcnrv_status,custrecord_sust_lcnrv_status
custrecord_lcnrv_reviewer,custrecord_sust_lcnrv_reviewer
custrecord_lcnrv_notes,custrecord_sust_lcnrv_notes
custrecord_lcnrv_adjustment,custrecord_sust_lcnrv_adjustment
customrecord_lot_relationship,customrecord_sust_lot_relationship
custrecord_parent_lot,custrecord_sust_parent_lot
custrecord_child_lot,custrecord_sust_child_lot
custrecord_relationship_type,custrecord_sust_relationship_type
custrecord_melt_sheet_ref,custrecord_sust_melt_sheet_ref
custrecord_processing_ref,custrecord_sust_processing_ref
custrecord_qty_consumed,custrecord_sust_qty_consumed
custrecord_contribution_pct,custrecord_sust_contribution_pct
customrecord_melt_sheet,customrecord_sust_melt_sheet
customrecord_market_price,customrecord_sust_market_price
custrecord_mp_date,custrecord_sust_mp_date
custrecord_mp_source,custrecord_sust_mp_source
custrecord_mp_price_per_lb,custrecord_sust_mp_price_per_lb
custrecord_mp_raw_rate,custrecord_sust_mp_raw_rate
custrecord_mp_raw_unit,custrecord_sust_mp_raw_unit
custrecord_mp_fetched_at,custrecord_sust_mp_fetched_at
custrecord_cs_ship_date,custrecord_sust_cs_ship_date
custrecord_cs_carrier,custrecord_sust_cs_carrier
custrecord_cs_bol_number,custrecord_sust_cs_bol_number
custrecord_cs_total_weight,custrecord_sust_cs_total_weight
custrecord_cs_total_pallets,custrecord_sust_cs_total_pallets
custrecord_cs_notes,custrecord_sust_cs_notes
custrecord_cs_status,custrecord_sust_cs_status
customrecord_nt_ship_pallet,customrecord_sust_ship_pallet
custrecord_sp_fulfillment,custrecord_sust_sp_fulfillment
custrecord_sp_pallet_num,custrecord_sust_sp_pallet_num
custrecord_sp_item,custrecord_sust_sp_item
custrecord_sp_net_weight,custrecord_sust_sp_net_weight
custrecord_sp_gross_weight,custrecord_sust_sp_gross_weight
custrecord_sp_tare_weight,custrecord_sust_sp_tare_weight
custrecord_sp_pallet_type,custrecord_sust_sp_pallet_type
custrecord_sp_notes,custrecord_sust_sp_notes
customrecord_processing_output_line,customrecord_sust_processing_output_line
custrecord_output_processing,custrecord_sust_output_processing
custrecord_output_line_number,custrecord_sust_output_line_number
custrecord_output_type,custrecord_sust_output_type
custrecord_output_item,custrecord_sust_output_item
custrecord_output_lot,custrecord_sust_output_lot
custrecord_output_weight,custrecord_sust_output_weight
custrecord_output_percentage,custrecord_sust_output_percentage
custrecord_output_disposition,custrecord_sust_output_disposition
custrecord_pol_stream,custrecord_sust_pol_stream
custrecord_pol_oxide_category,custrecord_sust_pol_oxide_category
custrecord_pol_weight_pct,custrecord_sust_pol_weight_pct
custrecord_pol_allocated_cost,custrecord_sust_pol_allocated_cost
custrecord_pol_cost_per_lb,custrecord_sust_pol_cost_per_lb
customlist_oxide_category,customlist_sust_oxide_category
custrecord_processing_po,custrecord_sust_processing_po
custrecord_proc_source_line,custrecord_sust_proc_source_line
custrecord_processing_date,custrecord_sust_processing_date
custrecord_processing_input_item,custrecord_sust_processing_input_item
custrecord_processing_input_lot,custrecord_sust_processing_input_lot
custrecord_processing_input_lbs,custrecord_sust_processing_input_lbs
custrecord_processing_type,custrecord_sust_processing_type
custrecord_processing_status,custrecord_sust_processing_status
custrecord_processing_operator,custrecord_sust_processing_operator
custrecord_processing_work_order,custrecord_sust_processing_work_order
custrecord_processing_location,custrecord_sust_processing_location
custrecord_processing_start_date,custrecord_sust_processing_start_date
custrecord_processing_end_date,custrecord_sust_processing_end_date
custrecord_processing_notes,custrecord_sust_processing_notes
custrecord_processing_settlement,custrecord_sust_processing_settlement
custrecord_proc_source_type,custrecord_sust_proc_source_type
custrecord_proc_equipment,custrecord_sust_proc_equipment
custrecord_proc_gross_input_lbs,custrecord_sust_proc_gross_input_lbs
custrecord_proc_tare_estimate_lbs,custrecord_sust_proc_tare_estimate_lbs
custrecord_proc_tare_actual_lbs,custrecord_sust_proc_tare_actual_lbs
custrecord_proc_true_net_lbs,custrecord_sust_proc_true_net_lbs
custrecord_proc_total_output_lbs,custrecord_sust_proc_total_output_lbs
custrecord_proc_mass_balance_pct,custrecord_sust_proc_mass_balance_pct
custrecord_proc_total_input_cost,custrecord_sust_proc_total_input_cost
custrecord_processing_alloc_mode,custrecord_sust_processing_alloc_mode
custrecord_proc_ia_pending,custrecord_sust_proc_ia_pending
customrecord_proc_input_line,customrecord_sust_proc_input_line
custrecord_pil_processing,custrecord_sust_pil_processing
custrecord_pil_line_number,custrecord_sust_pil_line_number
custrecord_pil_item,custrecord_sust_pil_item
custrecord_pil_lot,custrecord_sust_pil_lot
custrecord_pil_item_receipt,custrecord_sust_pil_item_receipt
custrecord_pil_qty_consumed,custrecord_sust_pil_qty_consumed
custrecord_pil_weight_pct,custrecord_sust_pil_weight_pct
custrecord_pil_input_cost,custrecord_sust_pil_input_cost
customrecord_settlement_penalty,customrecord_sust_settlement_penalty
custrecord_penalty_schedule,custrecord_sust_penalty_schedule
custrecord_penalty_element,custrecord_sust_penalty_element
custrecord_penalty_threshold,custrecord_sust_penalty_threshold
custrecord_penalty_rate,custrecord_sust_penalty_rate
custrecord_penalty_calculation,custrecord_sust_penalty_calculation
custrecord_penalty_ratio,custrecord_sust_penalty_ratio
custrecord_penalty_target_element,custrecord_sust_penalty_target_element
customlist_impurity_element,customlist_sust_impurity_element
customlist_payable_element,customlist_sust_payable_element
customrecord_settlement_penalty_detail,customrecord_sust_penalty_detail
custrecord_penalty_settlement,custrecord_sust_penalty_settlement
custrecord_penalty_detail_element,custrecord_sust_penalty_detail_element
custrecord_penalty_detail_actual,custrecord_sust_penalty_detail_actual
custrecord_penalty_detail_threshold,custrecord_sust_penalty_detail_threshold
custrecord_penalty_detail_excess,custrecord_sust_penalty_detail_excess
custrecord_penalty_detail_rate,custrecord_sust_penalty_detail_rate
custrecord_penalty_detail_amount,custrecord_sust_penalty_detail_amount
custrecord_settlement_vendor,custrecord_sust_settlement_vendor
custrecord_settlement_date,custrecord_sust_settlement_date
custrecord_settlement_status,custrecord_sust_settlement_status
custrecord_settlement_method,custrecord_sust_settlement_method
custrecord_settlement_schedule,custrecord_sust_settlement_schedule
custrecord_settlement_gross_lbs,custrecord_sust_settlement_gross_lbs
custrecord_settlement_net_lbs,custrecord_sust_settlement_net_lbs
custrecord_settlement_recovery_pct,custrecord_sust_settlement_recovery_pct
custrecord_settlement_tin_content,custrecord_sust_settlement_tin_content
custrecord_settlement_market_price,custrecord_sust_settlement_market_price
custrecord_settlement_market_source,custrecord_sust_settlement_market_source
custrecord_settlement_treatment,custrecord_sust_settlement_treatment
custrecord_settlement_penalties,custrecord_sust_settlement_penalties
custrecord_settlement_gross_value,custrecord_sust_settlement_gross_value
custrecord_settlement_net_value,custrecord_sust_settlement_net_value
custrecord_settlement_provisional,custrecord_sust_settlement_provisional
custrecord_settlement_balance_due,custrecord_sust_settlement_balance_due
custrecord_settlement_bill,custrecord_sust_settlement_bill
custrecord_settlement_prov_bill,custrecord_sust_settlement_prov_bill
custrecord_settlement_approved_by,custrecord_sust_settlement_approved_by
custrecord_settlement_approved_date,custrecord_sust_settlement_approved_date
custrecord_settlement_notes,custrecord_sust_settlement_notes
custrecord_settlement_item_receipt,custrecord_sust_settlement_item_receipt
custrecord_settlement_lot,custrecord_sust_settlement_lot
custrecord_settle_po,custrecord_sust_settle_po
custrecord_settle_source_line,custrecord_sust_settle_source_line
custrecord_settlement_processing,custrecord_sust_settlement_processing
custrecord_settlement_mode,custrecord_sust_settlement_mode
custrecord_settlement_price_fixed,custrecord_sust_settlement_price_fixed
custrecord_settlement_show_deductions,custrecord_sust_settle_show_deduct
custrecord_settlement_show_treatment,custrecord_sust_settle_show_treat
custrecord_settlement_show_penalties,custrecord_sust_settle_show_pen
custrecord_settlement_show_assay,custrecord_sust_settlement_show_assay
custrecord_schedule_vendor,custrecord_sust_schedule_vendor
custrecord_schedule_item,custrecord_sust_schedule_item
custrecord_schedule_method,custrecord_sust_schedule_method
custrecord_schedule_base_price,custrecord_sust_schedule_base_price
custrecord_schedule_market_ref,custrecord_sust_schedule_market_ref
custrecord_schedule_market_pct,custrecord_sust_schedule_market_pct
custrecord_schedule_market_adj,custrecord_sust_schedule_market_adj
custrecord_schedule_treatment_charge,custrecord_sust_sched_proc_charge
custrecord_schedule_min_content,custrecord_sust_schedule_min_content
custrecord_schedule_active,custrecord_sust_schedule_active
custrecord_schedule_effective_date,custrecord_sust_schedule_effective_date
custrecord_schedule_expiration_date,custrecord_sust_schedule_expiration_date
custrecord_schedule_include_oxide,custrecord_sust_schedule_include_oxide
customscript_nt_sl_alloc_preview,customscript_sust_sl_alloc_preview
customdeploy_nt_sl_alloc_preview,customdeploy_sust_sl_alloc_preview
customscript_nt_sl_calc_settle,customscript_sust_sl_calc_settle
customdeploy_nt_sl_calc_settle,customdeploy_sust_sl_calc_settle
customscript_nt_sl_close_dash,customscript_sust_sl_close_dash
customdeploy_nt_sl_close_dash,customdeploy_sust_sl_close_dash
customscript_nt_sl_create_settlement,customscript_sust_sl_create_settlement
customdeploy_nt_sl_create_settlement,customdeploy_sust_sl_create_settlement
customscript_nt_sl_lcnrv_dash,customscript_sust_sl_lcnrv_dash
customdeploy_nt_sl_lcnrv_dash,customdeploy_sust_sl_lcnrv_dash
customscript_nt_sl_lotchementry,customscript_sust_sl_lotchementry
customdeploy_nt_sl_lotchementry,customdeploy_sust_sl_lotchementry
customscript_nt_sl_position_report,customscript_sust_sl_position_report
custscript_posrpt_sub_id,custscript_sust_posrpt_sub_id
customdeploy_nt_sl_position_report,customdeploy_sust_sl_position_report
customscript_nt_sl_processingentry,customscript_sust_sl_processingentry
customdeploy_nt_sl_processingentry,customdeploy_sust_sl_processingentry
customscript_nt_sl_settlementcalculation,customscript_sust_sl_settlecalc
customdeploy_nt_sl_settlementcalculation,customdeploy_sust_sl_settlecalc
customscript_nt_sl_settleschedule,customscript_sust_sl_settleschedule
customdeploy_nt_sl_settleschedule,customdeploy_sust_sl_settleschedule
customscript_nt_sl_settle_pdf,customscript_sust_sl_settle_pdf
customdeploy_nt_sl_settle_pdf,customdeploy_sust_sl_settle_pdf
customscript_nt_sl_shipmatrix,customscript_sust_sl_shipmatrix
customdeploy_nt_sl_shipmatrix,customdeploy_sust_sl_shipmatrix
customscript_nt_ss_lcnrv,customscript_sust_ss_lcnrv
custscript_lcnrv_subsidiary,custscript_sust_lcnrv_subsidiary
custscript_lcnrv_min_variance_pct,custscript_sust_lcnrv_min_variance_pct
custscript_lcnrv_email_recipient,custscript_sust_lcnrv_email_recipient
customdeploy_nt_ss_lcnrv,customdeploy_sust_ss_lcnrv
customscript_nt_ue_cost_flow,customscript_sust_ue_cost_flow
customdeploy_nt_ue_cost_flow,customdeploy_sust_ue_cost_flow
customscript_nt_ue_ff_defaults,customscript_sust_ue_ff_defaults
customdeploy_nt_ue_ff_defaults,customdeploy_sust_ue_ff_defaults
customscript_nt_ue_ir_buttons,customscript_sust_ue_ir_buttons
custscript_tintech_sub_id_btn,custscript_sust_sub_id_btn
customdeploy_nt_ue_ir_buttons,customdeploy_sust_ue_ir_buttons
customscript_nt_ue_ir_landed_cost,customscript_sust_ue_ir_landed_cost
custscript_tintech_sub_id_landed,custscript_sust_sub_id_landed
customdeploy_nt_ue_ir_landed_cost,customdeploy_sust_ue_ir_landed_cost
customscript_nt_ue_ir_settlement,customscript_sust_ue_ir_settlement
custscript_tintech_subsidiary_id,custscript_sust_subsidiary_id
customdeploy_nt_ue_ir_settlement,customdeploy_sust_ue_ir_settlement
customscript_nt_ue_ir_vendor_lot,customscript_sust_ue_ir_vendor_lot
custscript_tintech_sub_id_bridge,custscript_sust_sub_id_bridge
customdeploy_nt_ue_ir_vendor_lot,customdeploy_sust_ue_ir_vendor_lot
customscript_nt_ue_line_links,customscript_sust_ue_line_links
custscript_line_links_sub_id,custscript_sust_line_links_sub_id
customdeploy_nt_ue_line_links_po,customdeploy_sust_ue_line_links_po
customdeploy_nt_ue_line_links_ir,customdeploy_sust_ue_line_links_ir
customscript_nt_ue_processing_invadj,customscript_sust_ue_processing_invadj
custscript_tintech_sub_id_proc_ia,custscript_sust_sub_id_proc_ia
customdeploy_nt_ue_processing_invadj,customdeploy_sust_ue_processing_invadj
customscript_nt_ue_proc_derived,customscript_sust_ue_proc_derived
customdeploy_nt_ue_proc_derived,customdeploy_sust_ue_proc_derived
customscript_nt_ue_settlement_status,customscript_sust_ue_settlement_status
custscript_settle_fee_item,custscript_sust_settle_fee_item
customdeploy_nt_ue_settlement_status,customdeploy_sust_ue_settlement_status
customscript_nt_ue_settle_mode,customscript_sust_ue_settle_mode
customdeploy_nt_ue_settle_mode,customdeploy_sust_ue_settle_mode
customscript_nt_ue_tintech_po,customscript_sust_ue_tintech_po
custscript_tintech_sub_id_po,custscript_sust_sub_id_po
customdeploy_nt_ue_tintech_po,customdeploy_sust_ue_tintech_po
custitemnumber_chem_,custitemnumber_sust_chem_
custitem_oxide_factor,custitem_sust_oxide_factor
custitem_typical_tin_content,custitem_sust_typical_tin_content
custitemnumber_chem_tin,custitemnumber_sust_chem_tin
custitemnumber_chem_lead,custitemnumber_sust_chem_lead
custitemnumber_chem_zinc,custitemnumber_sust_chem_zinc
custitemnumber_chem_aluminum,custitemnumber_sust_chem_aluminum
custitemnumber_chem_copper,custitemnumber_sust_chem_copper
custitemnumber_chem_total,custitemnumber_sust_chem_total
custitem_metal_type,custitem_sust_metal_type
custrecord_proc_gross_input,custrecord_sust_proc_gross_input
custrecord_proc_tare_estimate,custrecord_sust_proc_tare_estimate
custrecord_proc_tare_actual,custrecord_sust_proc_tare_actual
custitemnumber_chem_antimony,custitemnumber_sust_chem_antimony
custitemnumber_chem_bismuth,custitemnumber_sust_chem_bismuth
custrecord_penalty_amount,custrecord_sust_penalty_amount
custcol_lme_base,custcol_sust_lme_base
custbody_processing_record,custbody_sust_processing_record
custitemnumber_chem_locked,custitemnumber_sust_chem_locked